CNPJ,TotCompras,percenTotal,NumCompras,Percentual
12360891000176,474946.970,4.067,26,0.392
15116388000168,367559.080,3.148,23,0.347
12434859000198,362693.840,3.106,136,2.052
29840154000173,300708.010,2.575,72,1.086
19068286000175,287622.970,2.463,69,1.041
17339293000139,216302.260,1.852,142,2.143
39508023000228,179723.790,1.539,54,0.815
27833615001984,160547.140,1.375,48,0.724
5565335000170,153918.480,1.318,67,1.011
9653290000147,153882.330,1.318,47,0.709
27833615001801,137814.020,1.180,51,0.770
18749311000113,134644.110,1.153,46,0.694
27833615001712,133271.820,1.141,67,1.011
12427914000112,129072.490,1.105,13,0.196
22536813000133,128012.700,1.096,115,1.735
11631749000153,125417.370,1.074,37,0.558
35824374000106,125304.900,1.073,26,0.392
7652822000104,120359.910,1.031,37,0.558
12968606000102,120101.760,1.028,63,0.951
5252826000161,118690.210,1.016,32,0.483
5256321000175,114072.090,0.977,39,0.589
11761060000143,113164.150,0.969,44,0.664
27833615001399,112466.820,0.963,46,0.694
73915597000259,112072.840,0.960,34,0.513
27833615002018,104621.590,0.896,64,0.966
23352716000153,101199.730,0.867,32,0.483
5054332000172,98474.130,0.843,39,0.589
9642314000162,98283.240,0.842,52,0.785
8109307000137,96679.640,0.828,21,0.317
12027650000100,96138.430,0.823,21,0.317
27833615003090,90052.900,0.771,42,0.634
27833615002603,89755.290,0.769,34,0.513
27833615002107,89666.240,0.768,47,0.709
40169278000101,88947.820,0.762,52,0.785
13051981000148,86388.260,0.740,38,0.573
31503576000103,80519.240,0.690,19,0.287
32336794000317,78390.080,0.671,36,0.543
7258484000112,77896.620,0.667,34,0.513
13126932000208,75303.380,0.645,62,0.936
27833615001208,75010.420,0.642,41,0.619
27833615002522,72443.400,0.620,42,0.634
22546657000191,71739.770,0.614,46,0.694
11670482000103,71068.020,0.609,40,0.604
1015564000160,70625.020,0.605,9,0.136
13404646000186,69852.090,0.598,49,0.739
27833615003170,63357.570,0.543,24,0.362
14304366000169,62640.620,0.536,38,0.573
1190829000167,59986.740,0.514,17,0.257
18869111000102,59168.390,0.507,28,0.423
72392434000195,58681.630,0.503,28,0.423
11714688000198,58627.270,0.502,44,0.664
27833615003251,58197.540,0.498,26,0.392
39233184000175,56271.230,0.482,40,0.604
1446960000142,56305.320,0.482,37,0.558
19897866000175,55664.130,0.477,7,0.106
8472686000206,53093.320,0.455,23,0.347
13126932000127,52350.330,0.448,51,0.770
17682396000105,52000.000,0.445,3,0.045
9097655000102,50617.750,0.433,61,0.920
27833615000155,49500.000,0.424,4,0.060
11761060000224,49171.000,0.421,31,0.468
20259672000123,49081.850,0.420,52,0.785
73915597000178,46103.560,0.395,23,0.347
23844708000124,45085.940,0.386,20,0.302
27833615002956,44938.080,0.385,29,0.438
23329763000186,44443.360,0.381,24,0.362
27833615002875,43796.570,0.375,28,0.423
12968606000366,43072.400,0.369,37,0.558
21127646000104,42633.410,0.365,22,0.332
18459162000239,41857.400,0.358,23,0.347
21071655000120,39786.730,0.341,28,0.423
27654565000149,38244.430,0.327,18,0.272
21229586000130,36672.370,0.314,32,0.483
7577743000178,36531.310,0.313,24,0.362
27849764000102,36487.700,0.312,17,0.257
15322994000130,36180.960,0.310,20,0.302
7676699000153,35913.030,0.308,17,0.257
17279185000118,35644.950,0.305,28,0.423
10834199000298,35561.610,0.305,26,0.392
12769662000290,35533.110,0.304,28,0.423
4904985000130,35273.440,0.302,24,0.362
12968606000285,35219.470,0.302,36,0.543
11032546000140,34496.180,0.295,19,0.287
15471879000127,33891.370,0.290,31,0.468
36426237000186,33420.910,0.286,17,0.257
13537908000180,33402.110,0.286,33,0.498
26061062000105,32808.740,0.281,25,0.377
7615641000108,32136.440,0.275,17,0.257
11631749000315,31604.900,0.271,11,0.166
21585994000125,31493.020,0.270,33,0.498
17461628000197,31335.770,0.268,18,0.272
26298958000102,31227.620,0.267,41,0.619
21355757000178,31010.100,0.266,24,0.362
19137307000167,30731.600,0.263,41,0.619
23768895000104,30757.370,0.263,23,0.347
8145755000196,30405.050,0.260,12,0.181
2068929000188,30302.080,0.259,26,0.392
32336794000740,29724.060,0.255,23,0.347
32336794001046,28955.430,0.248,21,0.317
28861978000167,27996.650,0.240,4,0.060
7070684000228,27557.460,0.236,10,0.151
32336794000155,27465.110,0.235,22,0.332
39707427000160,27323.570,0.234,35,0.528
32336794000902,27253.960,0.233,21,0.317
8667022000111,26187.180,0.224,13,0.196
32336794001208,25878.840,0.222,13,0.196
23887274000140,25566.680,0.219,19,0.287
13065191000111,25559.020,0.219,12,0.181
16559614000490,25087.850,0.215,35,0.528
29113842000646,24689.850,0.211,18,0.272
11631749000234,24327.340,0.208,14,0.211
29113842000131,24096.280,0.206,17,0.257
22723307000153,23339.460,0.200,21,0.317
24261973000142,23208.880,0.199,20,0.302
32120263000120,23174.200,0.198,14,0.211
9432668000182,23179.150,0.198,11,0.166
32336794000660,23058.270,0.197,21,0.317
13967018000290,22735.550,0.195,17,0.257
32336794000406,22604.490,0.194,22,0.332
5943227000194,21947.930,0.188,22,0.332
16559614000571,21828.260,0.187,30,0.453
32336794000589,21822.190,0.187,22,0.332
5787892000136,21585.390,0.185,21,0.317
28843225000129,21569.830,0.185,16,0.241
69018190000170,21500.000,0.184,1,0.015
14519108000108,20517.240,0.176,27,0.407
4877523000171,20260.490,0.173,10,0.151
7221537000120,20227.070,0.173,21,0.317
12526735000213,20222.700,0.173,21,0.317
20548393000180,20035.100,0.172,8,0.121
5426493000220,19950.000,0.171,1,0.015
10482618000199,19647.840,0.168,10,0.151
39703863000403,19593.340,0.168,10,0.151
29773587000153,19523.480,0.167,17,0.257
18183953000106,19418.040,0.166,8,0.121
16559614000229,19279.720,0.165,30,0.453
7779025000184,19197.170,0.164,7,0.106
10481246000186,18876.540,0.162,15,0.226
29215555000132,18827.270,0.161,17,0.257
17875310000152,18467.420,0.158,22,0.332
5898316000166,18343.210,0.157,9,0.136
7715453000224,18285.730,0.157,24,0.362
3542276000190,18243.640,0.156,11,0.166
17290317000102,17959.480,0.154,8,0.121
7414757000170,17881.400,0.153,11,0.166
20216760000148,17697.810,0.152,17,0.257
8202709000181,17722.270,0.152,12,0.181
11161299000182,17793.900,0.152,13,0.196
30245542000195,17601.550,0.151,12,0.181
6978188000123,17538.060,0.150,14,0.211
28076453000110,17533.400,0.150,10,0.151
17516042000182,17468.940,0.150,8,0.121
8689466000239,17343.320,0.149,5,0.075
22469760000185,17252.250,0.148,7,0.106
5273676000415,17250.750,0.148,5,0.075
9567039000160,16707.600,0.143,7,0.106
12526735000132,16539.180,0.142,18,0.272
19036019000116,16513.880,0.141,14,0.211
22918167000330,16317.620,0.140,12,0.181
32336794000821,16228.140,0.139,21,0.317
26164948000176,16218.030,0.139,13,0.196
19426440000133,16142.710,0.138,22,0.332
28882587000129,15921.090,0.136,18,0.272
27050947000163,15769.890,0.135,14,0.211
27050947000678,15709.780,0.135,10,0.151
14568548000228,15632.180,0.134,2,0.030
22773132000199,14973.930,0.128,16,0.241
4974643000197,14812.680,0.127,9,0.136
8666702000110,14764.220,0.126,14,0.211
15315283000138,14730.990,0.126,22,0.332
3489753000109,14571.690,0.125,7,0.106
175479000105,14429.170,0.124,16,0.241
2165530000115,14447.250,0.124,1,0.015
8656302000124,14358.340,0.123,14,0.211
4055101000110,14357.850,0.123,12,0.181
3572400000160,14313.480,0.123,11,0.166
3017244000175,14186.350,0.121,9,0.136
13967018000109,13788.980,0.118,15,0.226
8343578000233,13748.050,0.118,9,0.136
26770002000153,13744.990,0.118,8,0.121
32336794001399,13514.440,0.116,5,0.075
5486954000170,13269.600,0.114,14,0.211
4904985000211,13182.700,0.113,17,0.257
10393316000144,12976.050,0.111,12,0.181
4795044000106,12820.140,0.110,8,0.121
32018491000194,12696.910,0.109,10,0.151
7539322000152,12594.920,0.108,24,0.362
5234808000157,12588.050,0.108,7,0.106
9722020000140,12499.500,0.107,4,0.060
8689466000158,12492.970,0.107,5,0.075
3494756000122,12516.110,0.107,20,0.302
1448324000150,12351.620,0.106,7,0.106
39621479000208,12374.580,0.106,16,0.241
26494046000106,11991.450,0.103,5,0.075
16787097000164,11915.510,0.102,11,0.166
803210000118,11911.610,0.102,10,0.151
6953093000236,11863.090,0.102,7,0.106
3572400000240,11833.440,0.101,10,0.151
26414785000132,11716.300,0.100,11,0.166
19863306000108,11395.190,0.098,16,0.241
15872124000134,11271.640,0.097,5,0.075
11876791000134,11378.520,0.097,12,0.181
3479374000120,11056.260,0.095,5,0.075
22918167000179,10993.160,0.094,9,0.136
16554104000188,10974.330,0.094,12,0.181
15246756000192,10963.600,0.094,9,0.136
22918167000683,10932.140,0.094,9,0.136
28581627000100,10788.340,0.092,17,0.257
2616090000175,10663.820,0.091,12,0.181
31970429000135,10569.450,0.091,10,0.151
22918167000250,10427.580,0.089,10,0.151
15541880000180,10154.500,0.087,7,0.106
11699310000162,10139.940,0.087,7,0.106
834279000290,9947.070,0.085,14,0.211
27833615001550,9803.440,0.084,11,0.166
13326139000171,9729.560,0.083,9,0.136
4129887000173,9691.670,0.083,12,0.181
814123000166,9583.200,0.082,4,0.060
12949057000110,9362.080,0.080,9,0.136
13390177000193,9353.340,0.080,9,0.136
8455029000170,9366.840,0.080,11,0.166
834279000109,9239.940,0.079,15,0.226
36570216000130,9159.540,0.078,6,0.091
5901292000157,9030.590,0.077,7,0.106
21786968000165,8991.830,0.077,5,0.075
17814749000175,8919.020,0.076,4,0.060
8681707000112,8859.610,0.076,8,0.121
36398790000152,8852.890,0.076,8,0.121
17712968000143,8790.820,0.075,8,0.121
25154767000287,8676.970,0.074,7,0.106
10575417000136,8589.070,0.074,2,0.030
10598245000116,8679.220,0.074,9,0.136
22597158000123,8455.880,0.072,9,0.136
28070379000125,8402.900,0.072,6,0.091
36472215000152,8349.840,0.072,11,0.166
5490561000130,8210.170,0.070,7,0.106
19190781000152,8189.770,0.070,12,0.181
11820069000188,8173.650,0.070,7,0.106
7970113000169,8166.230,0.070,6,0.091
27350851000110,8136.270,0.070,5,0.075
4007859000183,8000.000,0.069,4,0.060
13720747000166,8018.850,0.069,14,0.211
22918167000500,8109.380,0.069,7,0.106
27050947000597,7978.700,0.068,10,0.151
2898691000118,7840.890,0.067,8,0.121
3176931000133,7705.340,0.066,4,0.060
22918167000411,7465.320,0.064,6,0.091
20432939000132,7435.870,0.064,14,0.211
5426493000140,7374.940,0.063,6,0.091
8995681000187,7307.010,0.063,5,0.075
11447841000168,7231.130,0.062,8,0.121
27471387000110,6986.000,0.060,4,0.060
7384953000140,7033.550,0.060,1,0.015
14234958000151,7010.250,0.060,7,0.106
7070684000147,6857.110,0.059,13,0.196
17386414000101,6750.390,0.058,9,0.136
8450282000726,6671.980,0.057,5,0.075
1006952000185,6641.140,0.057,21,0.317
40404683000167,6623.820,0.057,11,0.166
7539322000233,6616.210,0.057,7,0.106
4371905000129,6596.170,0.056,10,0.151
11062927000172,6574.920,0.056,6,0.091
11857211000161,6558.360,0.056,11,0.166
31466253000189,6389.140,0.055,11,0.166
381613000116,6249.460,0.054,8,0.121
1829249000177,6282.380,0.054,9,0.136
20402775000109,6292.720,0.054,3,0.045
8343578000152,6238.040,0.053,4,0.060
25115579000169,6204.240,0.053,11,0.166
3572400000321,6176.210,0.053,5,0.075
2084223000100,6173.720,0.053,5,0.075
7359966000169,6141.010,0.053,3,0.045
9622180000118,6103.860,0.052,10,0.151
24341188000108,6026.920,0.052,5,0.075
18672533000185,5900.930,0.051,4,0.060
19964194000173,5979.500,0.051,7,0.106
3807466000191,5831.680,0.050,7,0.106
27285030000148,5796.070,0.050,11,0.166
5164703000500,5783.270,0.050,5,0.075
12769662000100,5822.090,0.050,2,0.030
17465134000180,5749.450,0.049,17,0.257
2549492000102,5727.000,0.049,13,0.196
25311480000132,5711.710,0.049,2,0.030
28044530000150,5706.030,0.049,2,0.030
10578244000371,5616.950,0.048,7,0.106
12434859000350,5585.740,0.048,4,0.060
13445418000154,5631.330,0.048,8,0.121
39245592000147,5647.220,0.048,5,0.075
23105401000101,5507.230,0.047,6,0.091
7253907000101,5456.300,0.047,2,0.030
13115975000107,5409.190,0.046,5,0.075
5131337000151,5345.180,0.046,5,0.075
14326580000116,5225.790,0.045,2,0.030
24793400000160,5235.960,0.045,2,0.030
32058729000105,5233.040,0.045,2,0.030
25278609000158,5290.660,0.045,5,0.075
10578244000290,5278.930,0.045,5,0.075
11391329000147,5291.190,0.045,3,0.045
13673828000152,5191.810,0.044,6,0.091
15655279000119,5178.310,0.044,4,0.060
12593698000185,5100.450,0.044,3,0.045
4056522000166,5036.050,0.043,1,0.015
39690284000120,4993.860,0.043,3,0.045
16782151000189,4852.670,0.042,6,0.091
19347801000156,4864.090,0.042,4,0.060
7612579000273,4890.000,0.042,3,0.045
12024521000168,4946.810,0.042,6,0.091
6953093000155,4819.010,0.041,4,0.060
19184291000143,4794.860,0.041,6,0.091
20467389000278,4681.710,0.040,6,0.091
31503576000286,4655.760,0.040,2,0.030
25154767000104,4631.850,0.040,6,0.091
6790215000130,4500.960,0.039,8,0.121
8882705000191,4503.720,0.039,5,0.075
31759699000363,4533.710,0.039,6,0.091
20467389000197,4599.770,0.039,4,0.060
2833741000189,4604.210,0.039,6,0.091
27833615001631,4609.050,0.039,7,0.106
13107698000190,4465.300,0.038,4,0.060
21431906000130,4451.400,0.038,1,0.015
17437030000162,4419.780,0.038,5,0.075
73237570000173,4417.430,0.038,8,0.121
12148067000157,4297.600,0.037,6,0.091
23858485000154,4328.690,0.037,3,0.045
12899412000194,4347.960,0.037,3,0.045
5229674000186,4353.820,0.037,3,0.045
10914837000108,4188.180,0.036,6,0.091
23571715000108,4146.650,0.036,7,0.106
17190802000104,4060.370,0.035,9,0.136
27456707000163,4043.520,0.035,2,0.030
27883929000162,4040.010,0.035,5,0.075
36305837000358,4036.720,0.035,10,0.151
28534402000357,3862.640,0.033,11,0.166
26434777000158,3837.300,0.033,3,0.045
8912225000126,3808.240,0.033,6,0.091
22807060000153,3866.910,0.033,6,0.091
16417036000105,3907.960,0.033,4,0.060
15285120000150,3867.420,0.033,3,0.045
14568548000732,3776.730,0.032,2,0.030
26597455000120,3707.340,0.032,3,0.045
18374709000201,3702.470,0.032,4,0.060
26425468000383,3733.440,0.032,1,0.015
29768702000444,3714.180,0.032,2,0.030
4580896000186,3604.120,0.031,2,0.030
30118426000105,3604.830,0.031,9,0.136
12865202000185,3543.890,0.030,1,0.015
16554104000269,3533.990,0.030,3,0.045
5584565000187,3531.570,0.030,4,0.060
10438370001050,3528.380,0.030,3,0.045
8450282000483,3521.190,0.030,3,0.045
25079466000155,3473.540,0.030,2,0.030
29549995000126,3543.670,0.030,12,0.181
10438370000754,3444.780,0.029,3,0.045
35833649000178,3370.680,0.029,3,0.045
29768702000525,3388.710,0.029,2,0.030
11086038000145,3425.210,0.029,1,0.015
13396399000113,3430.000,0.029,3,0.045
10438370000320,3444.780,0.029,3,0.045
10438370000169,3444.780,0.029,3,0.045
10438370001211,3444.780,0.029,3,0.045
10438370000592,3444.780,0.029,3,0.045
10438370000916,3444.780,0.029,3,0.045
10438370000240,3444.780,0.029,3,0.045
10438370000401,3444.780,0.029,3,0.045
10438370001130,3444.780,0.029,3,0.045
10438370000673,3444.780,0.029,3,0.045
14595187000128,3287.230,0.028,6,0.091
27010495000196,3269.890,0.028,3,0.045
8242628000105,3309.800,0.028,5,0.075
24687732000160,3200.230,0.027,1,0.015
28314669000177,3181.510,0.027,4,0.060
27764313000172,3150.570,0.027,2,0.030
68726017000164,3148.540,0.027,6,0.091
27603931000130,3127.550,0.027,4,0.060
17236817000166,3108.720,0.027,7,0.106
22777133000101,3105.410,0.027,3,0.045
11569109000160,3011.830,0.026,3,0.045
18164044000112,2984.140,0.026,4,0.060
7956785000110,3038.500,0.026,3,0.045
18750973000103,3081.520,0.026,4,0.060
29070498000140,2869.220,0.025,1,0.015
27857730000160,2869.210,0.025,1,0.015
13002242000166,2944.310,0.025,10,0.151
14803772000257,2950.950,0.025,5,0.075
23891352000180,2841.510,0.024,3,0.045
26579272000181,2792.860,0.024,1,0.015
19789326000178,2773.820,0.024,3,0.045
30330328000137,2753.330,0.024,3,0.045
1841072000124,2857.800,0.024,4,0.060
23956228000155,2737.060,0.023,14,0.211
22745194000197,2701.210,0.023,6,0.091
20818209000417,2692.730,0.023,5,0.075
8878246000172,2677.340,0.023,4,0.060
11807527000149,2663.600,0.023,3,0.045
28452026000190,2643.020,0.023,3,0.045
2910082000137,2628.520,0.023,2,0.030
29768702000100,2584.920,0.022,2,0.030
9483509000107,2564.840,0.022,2,0.030
5368841000170,2583.430,0.022,1,0.015
39361142000110,2627.380,0.022,2,0.030
10356337000190,2611.730,0.022,4,0.060
12024521000249,2467.400,0.021,2,0.030
20811236000115,2481.270,0.021,5,0.075
7233035000110,2464.820,0.021,8,0.121
13326451000165,2446.210,0.021,3,0.045
18404652000157,2313.200,0.020,4,0.060
22666196000190,2281.550,0.020,2,0.030
39818919000122,2304.040,0.020,7,0.106
27828533000112,2305.790,0.020,2,0.030
26421190000295,2305.980,0.020,2,0.030
28514600000197,2306.730,0.020,3,0.045
74048224000100,2319.110,0.020,2,0.030
26421190000104,2316.820,0.020,2,0.030
28917877000160,2352.290,0.020,1,0.015
31759699000606,2353.240,0.020,4,0.060
3394949000101,2371.360,0.020,5,0.075
19966010000104,2385.520,0.020,1,0.015
24793400000240,2386.140,0.020,1,0.015
20818209000174,2193.380,0.019,7,0.106
11032392000197,2221.640,0.019,3,0.045
23974342000108,2240.620,0.019,1,0.015
1442299000105,2254.950,0.019,9,0.136
12365033000114,2250.000,0.019,1,0.015
9134912000120,2269.340,0.019,2,0.030
26425468000200,2265.110,0.019,2,0.030
17906565000135,2141.050,0.018,5,0.075
28295152000188,2103.460,0.018,3,0.045
10293889000104,2129.640,0.018,2,0.030
19394731000197,2057.890,0.018,1,0.015
10578244000533,2059.590,0.018,3,0.045
18459162000158,2077.710,0.018,1,0.015
10607920000126,2095.880,0.018,6,0.091
15514541000105,2081.160,0.018,1,0.015
10258474000272,2113.050,0.018,1,0.015
5146190000173,2119.920,0.018,4,0.060
39790191000259,2121.240,0.018,1,0.015
66212721000173,2122.570,0.018,3,0.045
12703414000166,2127.870,0.018,2,0.030
10885723000179,1940.460,0.017,4,0.060
6323540000192,1927.950,0.017,3,0.045
23387618000151,1928.190,0.017,1,0.015
19451763000187,1929.130,0.017,1,0.015
36332252000165,1938.020,0.017,3,0.045
13638717000105,1940.310,0.017,1,0.015
23529918000128,1987.600,0.017,2,0.030
11032392000278,1946.480,0.017,3,0.045
2674629000142,1976.180,0.017,1,0.015
6267972000204,1983.750,0.017,4,0.060
17010487000196,2000.000,0.017,2,0.030
3394949000292,2008.370,0.017,3,0.045
36305837000196,2011.200,0.017,6,0.091
12803217000119,1892.440,0.016,1,0.015
11924197000171,1830.540,0.016,3,0.045
21916948000161,1848.690,0.016,1,0.015
21380625000104,1860.480,0.016,2,0.030
5494918000158,1874.730,0.016,2,0.030
42379339000190,1877.930,0.016,1,0.015
10536093000127,1828.980,0.016,1,0.015
13405890000163,1896.760,0.016,3,0.045
26301876000161,1913.660,0.016,1,0.015
16669198000130,1900.000,0.016,1,0.015
27256168000119,1914.410,0.016,6,0.091
28891624000165,1840.000,0.016,3,0.045
8626481000157,1912.360,0.016,1,0.015
7984769000130,1900.340,0.016,2,0.030
68641935000190,1794.030,0.015,1,0.015
31465263000108,1756.900,0.015,2,0.030
26364805000108,1744.460,0.015,3,0.045
8055326000128,1700.370,0.015,4,0.060
4157214000127,1648.410,0.014,1,0.015
17347555000107,1581.070,0.014,1,0.015
8605654000150,1590.070,0.014,2,0.030
11885963000136,1590.070,0.014,2,0.030
24360959000104,1642.310,0.014,2,0.030
17216750000106,1653.730,0.014,1,0.015
28769373000140,1655.390,0.014,1,0.015
22753943000128,1661.410,0.014,2,0.030
27909336000128,1680.230,0.014,1,0.015
29768702000282,1690.830,0.014,2,0.030
18919502000186,1488.650,0.013,2,0.030
8353768000150,1464.670,0.013,2,0.030
22548712000182,1467.810,0.013,1,0.015
1190829000248,1480.290,0.013,5,0.075
27285030000229,1494.780,0.013,4,0.060
3925746000102,1513.650,0.013,4,0.060
334392000206,1511.640,0.013,2,0.030
3182724000191,1550.840,0.013,1,0.015
21476954000145,1511.790,0.013,2,0.030
10335385000100,1384.950,0.012,1,0.015
74126707000185,1344.100,0.012,1,0.015
31759699000444,1350.460,0.012,3,0.045
15637836000179,1352.850,0.012,3,0.045
25062554000144,1368.950,0.012,1,0.015
4715430000140,1385.470,0.012,1,0.015
27957499000186,1417.680,0.012,3,0.045
1254351000272,1423.170,0.012,1,0.015
23507360000180,1436.500,0.012,1,0.015
27854094000112,1450.620,0.012,2,0.030
3647632000130,1232.450,0.011,1,0.015
7464058000135,1271.170,0.011,4,0.060
7142743000145,1271.920,0.011,2,0.030
21408990000171,1272.850,0.011,1,0.015
25053220000104,1288.800,0.011,3,0.045
7309839000155,1278.760,0.011,1,0.015
24478068000149,1303.840,0.011,4,0.060
29080946000197,1314.260,0.011,1,0.015
10578244000100,1320.970,0.011,6,0.091
22965384000110,1329.780,0.011,2,0.030
29081029000127,1314.260,0.011,1,0.015
9379562000162,1188.340,0.010,3,0.045
23615208000110,1125.480,0.010,5,0.075
1235391000196,1147.620,0.010,1,0.015
8962090000103,1170.990,0.010,2,0.030
27024494000109,1167.730,0.010,1,0.015
12465011000126,1201.280,0.010,1,0.015
24616223000146,1215.480,0.010,1,0.015
20852670000143,1216.870,0.010,1,0.015
26908846000118,1220.490,0.010,2,0.030
11251254000441,1050.870,0.009,3,0.045
21604696000135,994.220,0.009,1,0.015
28782266000152,1002.000,0.009,1,0.015
13911878000120,1004.220,0.009,1,0.015
6890258000359,1010.300,0.009,1,0.015
20712456000191,1030.320,0.009,2,0.030
62379037000391,1034.170,0.009,1,0.015
2328363000186,1040.760,0.009,1,0.015
17851326000125,1045.410,0.009,2,0.030
26765355000165,1070.460,0.009,3,0.045
4620892000184,1072.680,0.009,1,0.015
11836085000169,1081.960,0.009,2,0.030
28593597000144,1092.380,0.009,1,0.015
12502505000133,1096.140,0.009,1,0.015
25062218000100,1101.080,0.009,1,0.015
28223386000110,1102.440,0.009,3,0.045
26597455000200,1103.310,0.009,1,0.015
26941332000164,939.000,0.008,1,0.015
23673682000107,886.800,0.008,1,0.015
28834151000164,892.120,0.008,1,0.015
11068482000138,956.010,0.008,4,0.060
13459058000140,947.840,0.008,1,0.015
29080813000110,953.580,0.008,1,0.015
7532975000100,984.960,0.008,1,0.015
8648358000137,793.400,0.007,1,0.015
2275470000193,810.000,0.007,2,0.030
24283816000138,805.320,0.007,1,0.015
22328529000171,793.950,0.007,1,0.015
8722117000190,825.000,0.007,1,0.015
21360690000160,792.870,0.007,1,0.015
28108298000177,788.510,0.007,1,0.015
30575476000111,765.000,0.007,1,0.015
1466610000148,813.230,0.007,1,0.015
22872424000189,866.630,0.007,1,0.015
28241123000486,828.730,0.007,1,0.015
29618089000306,848.650,0.007,2,0.030
7904735000199,851.200,0.007,1,0.015
1023162000108,853.400,0.007,3,0.045
4445927000196,855.000,0.007,1,0.015
26616381000121,857.960,0.007,1,0.015
30666051000118,860.700,0.007,1,0.015
10199766000109,862.580,0.007,1,0.015
24652921000105,831.080,0.007,1,0.015
7394215000183,704.520,0.006,1,0.015
11345696000104,655.100,0.006,1,0.015
23740305000135,664.830,0.006,1,0.015
9190998000109,668.000,0.006,2,0.030
4600156000164,694.280,0.006,1,0.015
9912142000108,703.040,0.006,3,0.045
36460970000389,713.950,0.006,3,0.045
12141181000155,714.310,0.006,1,0.015
39379011000160,714.880,0.006,1,0.015
28504271000101,725.200,0.006,3,0.045
5466796000196,738.360,0.006,3,0.045
12426762000133,747.320,0.006,1,0.015
4048163000103,600.840,0.005,1,0.015
9435241000138,554.040,0.005,1,0.015
10600073000178,556.140,0.005,1,0.015
31469067000101,564.440,0.005,1,0.015
27267673000169,574.800,0.005,1,0.015
8505159000170,578.270,0.005,1,0.015
20815576000114,593.860,0.005,1,0.015
27995546000186,598.080,0.005,1,0.015
23765450000170,538.110,0.005,2,0.030
4628804000190,602.000,0.005,1,0.015
27742988000200,611.530,0.005,1,0.015
15549411000108,620.430,0.005,2,0.030
3675450000172,622.810,0.005,1,0.015
11299726000193,633.530,0.005,1,0.015
35956606000180,639.380,0.005,3,0.045
19844685000180,640.860,0.005,1,0.015
16581132000194,607.030,0.005,1,0.015
1872160000193,431.010,0.004,1,0.015
21390936000146,454.260,0.004,1,0.015
7879508000150,450.290,0.004,1,0.015
7028165000110,446.340,0.004,1,0.015
23896646000102,446.100,0.004,1,0.015
13952377000192,415.260,0.004,1,0.015
20994900000109,422.230,0.004,1,0.015
27365336000104,420.140,0.004,1,0.015
39267802000106,419.540,0.004,1,0.015
5971368000110,468.000,0.004,3,0.045
5131160000193,456.000,0.004,1,0.015
15834741000145,467.730,0.004,1,0.015
10258873000233,468.750,0.004,1,0.015
8455561000197,482.940,0.004,1,0.015
19657976000160,521.200,0.004,1,0.015
22703079000150,500.440,0.004,1,0.015
10254507000125,494.220,0.004,1,0.015
27903872000116,487.550,0.004,2,0.030
5956059000171,519.690,0.004,1,0.015
16559614000148,482.400,0.004,1,0.015
13537908000261,476.800,0.004,2,0.030
12078803000148,471.270,0.004,1,0.015
5813544000196,470.860,0.004,1,0.015
33009911025395,470.430,0.004,1,0.015
1704374000150,338.820,0.003,1,0.015
13508821000185,297.060,0.003,1,0.015
17359233000188,298.020,0.003,1,0.015
39217583000142,304.000,0.003,1,0.015
4630798000106,313.000,0.003,1,0.015
8357136000165,319.140,0.003,1,0.015
13036147000426,322.080,0.003,1,0.015
28094587000164,331.510,0.003,1,0.015
17024368000192,333.600,0.003,1,0.015
7778851000109,336.460,0.003,2,0.030
39638580000182,324.360,0.003,1,0.015
11801408000189,346.890,0.003,1,0.015
18538019000151,360.720,0.003,1,0.015
8929445000162,364.800,0.003,1,0.015
10794037000192,369.210,0.003,1,0.015
24402991000105,369.340,0.003,1,0.015
2075715000139,369.500,0.003,1,0.015
27547678000145,372.960,0.003,3,0.045
72155534000106,377.230,0.003,1,0.015
39281142000100,388.410,0.003,1,0.015
1257874000191,356.120,0.003,1,0.015
18623826000172,205.950,0.002,1,0.015
3306353000102,234.120,0.002,1,0.015
14476627000128,231.540,0.002,1,0.015
14962390000195,212.940,0.002,1,0.015
4610631000183,211.680,0.002,1,0.015
27807563000142,183.360,0.002,1,0.015
11472138000100,205.540,0.002,1,0.015
26141670000111,199.030,0.002,1,0.015
11177182000197,192.230,0.002,1,0.015
15152313000132,247.890,0.002,1,0.015
13036147000183,177.760,0.002,1,0.015
26980890000139,242.890,0.002,1,0.015
39191176000103,237.120,0.002,1,0.015
7138469000130,251.880,0.002,1,0.015
36291144000191,276.700,0.002,1,0.015
27571983000172,257.540,0.002,1,0.015
39508023000813,288.660,0.002,1,0.015
25367530000101,283.070,0.002,1,0.015
20657396000151,277.440,0.002,1,0.015
25034941000177,281.280,0.002,1,0.015
15111611000184,270.640,0.002,1,0.015
12892415000287,264.960,0.002,1,0.015
11093843000104,263.090,0.002,1,0.015
28390961000179,262.120,0.002,1,0.015
39792205000192,261.300,0.002,1,0.015
35995646000130,162.000,0.001,1,0.015
42294744000106,115.580,0.001,1,0.015
27103140000141,129.930,0.001,1,0.015
2101672000119,134.910,0.001,1,0.015
26098410000100,139.160,0.001,1,0.015
35994433000275,162.000,0.001,1,0.015
1848448000122,169.680,0.001,1,0.015
9612750000199,162.730,0.001,1,0.015
10572977000137,166.800,0.001,1,0.015
24639414000123,167.000,0.001,1,0.015
39345244000141,167.000,0.001,1,0.015
15403844000150,168.920,0.001,1,0.015
32049702000156,171.060,0.001,1,0.015
9309021000168,24.520,0.000,7,0.106
